"JeS","","Z","XW","YW"
"~a@","a@","Sxm쒬V2500-1",10543.51167280,-96225.71349230
"~a@","a@","kl27|1",-10398.95171720,-110582.88625600
"~a@","ǂa@","掽R860",-9501.58305428,-108747.79655500
"~a@","a@","578-1",-2323.63516513,-105916.79218400
"~a@","ua@","u13-23",-1859.33494425,-109917.23820000
"~a@","sa@","{O1231",-902.75536895,-112838.10762000
"~a@","Éϐa@","x͋揬꒚1|1",-7946.38846714,-113628.12369900
"~a@","ÉFa@","x͋扺쌴11-1",-10574.80800220,-118578.82698900
"~a@","sÉa@","ǎ蒬10|93",-10971.05927010,-113328.43480300
"~a@","Éԏ\a@","ǎ蒬8-2",-10893.38900530,-113565.03297000
"~a@","Éa@","kԒ23",-11776.26797910,-113226.86386300
